mode,trial,input_fps,output_fps,output_input_ratio,callback_gaps,draw_p95_ms
direct,1,29.92,29.92,1.000,0,
library,1,29.92,29.92,1.000,0,
timer,1,30.00,29.16,0.972,0,0.30
request,1,29.92,29.92,1.000,0,0.30
request,2,29.92,29.92,1.000,0,0.30
timer,2,29.92,28.25,0.944,0,0.30
library,2,29.92,29.92,1.000,0,
direct,2,29.92,29.92,1.000,0,
direct,3,29.92,29.92,1.000,0,
library,3,30.00,30.00,1.000,0,
timer,3,30.00,29.16,0.972,0,0.30
request,3,29.92,29.92,1.000,0,0.30
request,4,29.92,29.92,1.000,0,0.30
timer,4,29.92,28.91,0.966,0,0.30
library,4,29.92,29.92,1.000,0,
direct,4,29.92,29.92,1.000,0,
direct,5,29.92,29.92,1.000,0,
library,5,29.92,29.92,1.000,0,
timer,5,29.92,28.74,0.961,0,0.30
request,5,29.92,29.92,1.000,0,0.40
